#{"t_start": 1648126773.460189, "env_id": "AlienNoFrameskip-v4"}
r,l,t
150.0,554,31.221183
130.0,638,66.978585
