#{"t_start": 1648126773.4489756, "env_id": "AlienNoFrameskip-v4"}
r,l,t
160.0,556,31.298917
140.0,588,61.5211
