#{"t_start": 1648126773.5129662, "env_id": "AlienNoFrameskip-v4"}
r,l,t
240.0,696,38.782468
170.0,493,66.838478
