#{"t_start": 1648126773.523009, "env_id": "AlienNoFrameskip-v4"}
r,l,t
120.0,498,25.570474
140.0,567,59.729715
