#{"t_start": 1648126773.5723624, "env_id": "AlienNoFrameskip-v4"}
r,l,t
240.0,585,31.82494
170.0,542,61.002625
