#{"t_start": 1648126863.4588318, "env_id": "AlienNoFrameskip-v4"}
r,l,t
100.0,625,33.488396
170.0,493,61.683652
