#{"t_start": 1648126863.5318294, "env_id": "AlienNoFrameskip-v4"}
r,l,t
210.0,592,32.673487
150.0,529,61.693871
