#{"t_start": 1648126863.615308, "env_id": "AlienNoFrameskip-v4"}
r,l,t
90.0,564,31.940802
260.0,621,67.44461
