#{"t_start": 1648126863.662709, "env_id": "AlienNoFrameskip-v4"}
r,l,t
270.0,719,39.743654
110.0,569,69.690566
