#{"t_start": 1648126863.6097386, "env_id": "AlienNoFrameskip-v4"}
r,l,t
120.0,528,31.151366
210.0,720,68.834168
